<?xml version="1.0"?>
<doc>
    <assembly>
        <name>Assignment1ClassLibrary</name>
    </assembly>
    <members>
        <member name="F:Assignment1ClassLibrary.Book._title">
            <summary>
            Instance fields of Book class
            </summary>
        </member>
        <member name="M:Assignment1ClassLibrary.Book.#ctor">
            <summary>
            Default constructor of class Book
            </summary>
        </member>
        <member name="M:Assignment1ClassLibrary.Book.#ctor(System.String,System.String,System.String,System.Int32)">
            <summary>
            Constructor of Book class, which takes 4 parameters
            </summary>
            <param name="Isbn13"></param>
            <param name="Author"></param>
            <param name="Title"></param>
            <param name="PageNumber"></param>
        </member>
        <member name="P:Assignment1ClassLibrary.Book.Title">
            <summary>
            Property title minimum 2 characters long
            </summary>
        </member>
        <member name="P:Assignment1ClassLibrary.Book.Author">
            <summary>
            Property Author
            </summary>
        </member>
        <!-- Badly formed XML comment ignored for member "P:Assignment1ClassLibrary.Book.PageNumber" -->
        <member name="P:Assignment1ClassLibrary.Book.Isbn">
            <summary>
            Property Isbn needs to have exactly 13 characters
            </summary>
        </member>
    </members>
</doc>
